hazard_class,avg_country,avg_country_pc,avg_pc
High,12.1813631225464,6.66378243419841,0.457473008417755
Medium,8.24153005528065,10.5972910206008,0.399701409319346
Very High,63.0172931966583,1.24477237567572,0.198080714806727
Low,1.19763032127273,2.7673620681338,0.524950664948169
