ipc,poverty_line,poor,value
ipc,1.9,poor,31474539.508557
ipc,3.2,poor,47252466.2193534
ipc,5.5,poor,57383001.5032147
ipc,1.9,nonpoor,32251775.8553552
ipc,3.2,nonpoor,16473849.1445588
ipc,5.5,nonpoor,6343313.86069759
nonipc,1.9,poor,701150854.147997
nonipc,3.2,poor,1818857971.27198
nonipc,5.5,poor,3265681837.72634
nonipc,1.9,nonpoor,6871810940.48809
nonipc,3.2,nonpoor,5754103823.36411
nonipc,5.5,nonpoor,4307279956.90974
