year,expoor,fragile,expoor&fragile,covid,expoor&covid,covid&fragile,expoor&fragile&covid
2010,1125011930.77435,454365520.461467,454365520.461467,,,,
2020,740288341.916277,489404338.500055,489404338.500055,503379190.242433,503379190.242433,466482007.588888,466482007.588888
